A,B
[0 0 0 ... 0 0 0],Person1
[0 0 0 ... 0 0 0],Person1
[0 0 0 ... 0 0 0],Person1
[0 0 0 ... 0 0 0],Person1
[0 0 0 ... 0 0 0],Person1
[0 0 0 ... 0 0 0],Person1
[0 0 0 ... 0 0 0],Person1
[0 0 0 ... 0 0 0],Person1
[0 0 0 ... 0 0 0],Person1
[0 0 0 ... 0 0 0],Person1
[0 0 0 ... 0 0 0],Person1
[0 0 0 ... 0 0 0],Person1
[0 0 0 ... 0 0 0],Person1
[0 0 0 ... 0 0 0],Person1
[0 0 0 ... 0 0 0],Person1
[0 0 0 ... 0 0 0],Person1
[0 0 0 ... 0 0 0],Person1
[0 0 0 ... 0 0 0],Person1
[0 0 0 ... 0 0 0],Person1
[0 0 0 ... 0 0 0],Person1
[0 0 0 ... 0 0 0],Person1
[0 0 0 ... 0 0 0],Person1
[0 0 0 ... 0 0 0],Person1
[0 0 0 ... 0 0 0],Person1
[0 0 0 ... 0 0 0],Person1
[0 0 0 ... 0 0 0],Person1
[0 0 0 ... 0 0 0],Person1
[0 0 0 ... 0 0 0],Person1
[0 0 0 ... 0 0 0],Person1
[0 0 0 ... 0 0 0],Person1
[0 0 0 ... 0 0 0],Person1
[0 0 0 ... 0 0 0],Person1
[0 0 0 ... 0 0 0],Person1
[0 0 0 ... 0 0 0],Person1
[0 0 0 ... 0 0 0],Person1
[0 0 0 ... 0 0 0],Person1
[0 0 0 ... 0 0 0],Person1
[0 0 0 ... 0 0 0],Person1
[0 0 0 ... 0 0 0],Person1
[0 0 0 ... 0 0 0],Person1
[0 0 0 ... 0 0 0],Person1
[0 0 0 ... 0 0 0],Person1
[0 0 0 ... 0 0 0],Person1
[0 0 0 ... 0 0 0],Person1
[0 0 0 ... 0 0 0],Person1
[0 0 0 ... 0 0 0],Person1
[0 0 0 ... 0 0 0],Person1
[0 0 0 ... 0 0 0],Person1
[0 0 0 ... 0 0 0],Person1
[0 0 0 ... 0 0 0],Person1
[0 0 0 ... 0 0 0],Person1
[0 0 0 ... 0 0 0],Person1
[0 0 0 ... 0 0 0],Person1
[0 0 0 ... 0 0 0],Person1
[0 0 0 ... 0 0 0],Person1
[0 0 0 ... 0 0 0],Person1
[0 0 0 ... 0 0 0],Person1
[0 0 0 ... 0 0 0],Person1
[0 0 0 ... 0 0 0],Person1
[0 0 0 ... 0 0 0],Person1
[0 0 0 ... 0 0 0],Person1
[0 0 0 ... 0 0 0],Person1
[0 0 0 ... 0 0 0],Person1
[0 0 0 ... 0 0 0],Person1
[0 0 0 ... 0 0 0],Person1
[0 0 0 ... 0 0 0],Person1
[0 0 0 ... 0 0 0],Person1
[0 0 0 ... 0 0 0],Person1
[0 0 0 ... 0 0 0],Person1
[0 0 0 ... 0 0 0],Person1
[0 0 0 ... 0 0 0],Person1
[0 0 0 ... 0 0 0],Person1
[0 0 0 ... 0 0 0],Person1
[0 0 0 ... 0 0 0],Person1
[0 0 0 ... 0 0 0],Person1
[0 0 0 ... 0 0 0],Person1
[0 0 0 ... 0 0 0],Person1
[0 0 0 ... 0 0 0],Person1
[0 0 0 ... 0 0 0],Person1
[0 0 0 ... 0 0 0],Person1
[0 0 0 ... 0 0 0],Person1
[0 0 0 ... 0 0 0],Person1
[0 0 0 ... 0 0 0],Person1
[0 0 0 ... 0 0 0],Person1
[0 0 0 ... 0 0 0],Person1
[0 0 0 ... 0 0 0],Person1
[0 0 0 ... 0 0 0],Person1
[0 0 0 ... 0 0 0],Person1
[0 0 0 ... 0 0 0],Person1
[0 0 0 ... 0 0 0],Person1
[0 0 0 ... 0 0 0],Person1
[0 0 0 ... 0 0 0],Person1
[0 0 0 ... 0 0 0],Person1
[0 0 0 ... 0 0 0],Person1
[0 0 0 ... 0 0 0],Person1
[0 0 0 ... 0 0 0],Person1
[0 0 0 ... 0 0 0],Person1
[0 0 0 ... 0 0 0],Person1
[0 0 0 ... 0 0 0],Person1
[0 0 0 ... 0 0 0],Person1
[0 0 0 ... 0 0 0],Person1
[0 0 0 ... 0 0 0],Person1
[0 0 0 ... 0 0 0],Person1
[0 0 0 ... 0 0 0],Person1
[0 0 0 ... 0 0 0],Person1
[0 0 0 ... 0 0 0],Person1
[0 0 0 ... 0 0 0],Person1
[0 0 0 ... 0 0 0],Person1
[0 0 0 ... 0 0 0],Person1
[0 0 0 ... 0 0 0],Person1
[0 0 0 ... 0 0 0],Person1
[0 0 0 ... 0 0 0],Person1
[0 0 0 ... 0 0 0],Person1
[0 0 0 ... 0 0 0],Person1
[0 0 0 ... 0 0 0],Person1
[0 0 0 ... 0 0 0],Person1
[0 0 0 ... 0 0 0],Person1
[0 0 0 ... 0 0 0],Person1
[0 0 0 ... 0 0 0],Person1
[0 0 0 ... 0 0 0],Person1
[0 0 0 ... 0 0 0],Person1
[0 0 0 ... 0 0 0],Person1
[0 0 0 ... 0 0 0],Person1
[0 0 0 ... 0 0 0],Person1
[0 0 0 ... 0 0 0],Person1
[0 0 0 ... 0 0 0],Person1
[0 0 0 ... 0 0 0],Person1
[0 0 0 ... 0 0 0],Person1
[0 0 0 ... 0 0 0],Person1
[0 0 0 ... 0 0 0],Person1
[0 0 0 ... 0 0 0],Person1
[0 0 0 ... 0 0 0],Person1
[0 0 0 ... 0 0 0],Person1
[0 0 0 ... 0 0 0],Person1
[0 0 0 ... 0 0 0],Person1
[0 0 0 ... 0 0 0],Person1
[0 0 0 ... 0 0 0],Person1
[0 0 0 ... 0 0 0],Person1
[0 0 0 ... 0 0 0],Person1
[0 0 0 ... 0 0 0],Person1
[0 0 0 ... 0 0 0],Person1
[0 0 0 ... 0 0 0],Person1
[0 0 0 ... 0 0 0],Person1
[0 0 0 ... 0 0 0],Person1
[0 0 0 ... 0 0 0],Person1
[0 0 0 ... 0 0 0],Person1
[0 0 0 ... 0 0 0],Person1
[0 0 0 ... 0 0 0],Person1
[0 0 0 ... 0 0 0],Person1
[0 0 0 ... 0 0 0],Person1
[0 0 0 ... 0 0 0],Person1
[0 0 0 ... 0 0 0],Person1
[0 0 0 ... 0 0 0],Person1
[0 0 0 ... 0 0 0],Person1
[0 0 0 ... 0 0 0],Person1
[0 0 0 ... 0 0 0],Person1
[0 0 0 ... 0 0 0],Person1
[0 0 0 ... 0 0 0],Person1
[0 0 0 ... 0 0 0],Person1
[0 0 0 ... 0 0 0],Person1
[0 0 0 ... 0 0 0],Person1
[0 0 0 ... 0 0 0],Person1
[0 0 0 ... 0 0 0],Person1
[0 0 0 ... 0 0 0],Person1
[0 0 0 ... 0 0 0],Person1
[0 0 0 ... 0 0 0],Person1
[0 0 0 ... 0 0 0],Person1
[0 0 0 ... 0 0 0],Person1
[0 0 0 ... 0 0 0],Person1
[0 0 0 ... 0 0 0],Person1
[0 0 0 ... 0 0 0],Person1
[0 0 0 ... 0 0 0],Person1
[0 0 0 ... 0 0 0],Person1
[0 0 0 ... 0 0 0],Person1
[0 0 0 ... 0 0 0],Person1
[0 0 0 ... 0 0 0],Person1
[0 0 0 ... 0 0 0],Person1
[0 0 0 ... 0 0 0],Person1
[0 0 0 ... 0 0 0],Person1
[0 0 0 ... 0 0 0],Person1
[0 0 0 ... 0 0 0],Person1
[0 0 0 ... 0 0 0],Person1
[0 0 0 ... 0 0 0],Person1
[0 0 0 ... 0 0 0],Person1
[0 0 0 ... 0 0 0],Person1
[0 0 0 ... 0 0 0],Person1
[0 0 0 ... 0 0 0],Person1
[0 0 0 ... 0 0 0],Person1
[0 0 0 ... 0 0 0],Person1
[0 0 0 ... 0 0 0],Person1
[0 0 0 ... 0 0 0],Person1
[0 0 0 ... 0 0 0],Person1
[0 0 0 ... 0 0 0],Person1
[0 0 0 ... 0 0 0],Person1
[0 0 0 ... 0 0 0],Person1
[0 0 0 ... 0 0 0],Person1
[0 0 0 ... 0 0 0],Person1
[0 0 0 ... 0 0 0],Person1
[0 0 0 ... 0 0 0],Person1
[0 0 0 ... 0 0 0],Person1
[0 0 0 ... 0 0 0],Person1
[0 0 0 ... 0 0 0],Person1
[0 0 0 ... 0 0 0],Person1
[0 0 0 ... 0 0 0],Person1
[0 0 0 ... 0 0 0],Person1
[0 0 0 ... 0 0 0],Person1
[0 0 0 ... 0 0 0],Person1
[0 0 0 ... 0 0 0],Person1
[0 0 0 ... 0 0 0],Person1
[0 0 0 ... 0 0 0],Person1
[0 0 0 ... 0 0 0],Person1
[0 0 0 ... 0 0 0],Person1
[0 0 0 ... 0 0 0],Person1
[0 0 0 ... 0 0 0],Person1
[0 0 0 ... 0 0 0],Person1
[0 0 0 ... 0 0 0],Person1
[0 0 0 ... 0 0 0],Person1
[0 0 0 ... 0 0 0],Person1
[0 0 0 ... 0 0 0],Person1
[0 0 0 ... 0 0 0],Person1
[0 0 0 ... 0 0 0],Person1
[0 0 0 ... 0 0 0],Person1
[0 0 0 ... 0 0 0],Person1
[0 0 0 ... 0 0 0],Person1
[0 0 0 ... 0 0 0],Person1
[0 0 0 ... 0 0 0],Person1
[0 0 0 ... 0 0 0],Person1
[0 0 0 ... 0 0 0],Person1
[0 0 0 ... 0 0 0],Person1
[0 0 0 ... 0 0 0],Person1
[0 0 0 ... 0 0 0],Person1
[0 0 0 ... 0 0 0],Person1
[0 0 0 ... 0 0 0],Person1
[0 0 0 ... 0 0 0],Person1
[0 0 0 ... 0 0 0],Person1
[0 0 0 ... 0 0 0],Person1
[0 0 0 ... 0 0 0],Person1
[0 0 0 ... 0 0 0],Person1
[0 0 0 ... 0 0 0],Person1
[0 0 0 ... 0 0 0],Person1
[0 0 0 ... 0 0 0],Person1
[0 0 0 ... 0 0 0],Person1
[0 0 0 ... 0 0 0],Person1
[0 0 0 ... 0 0 0],Person1
[0 0 0 ... 0 0 0],Person1
[0 0 0 ... 0 0 0],Person1
[0 0 0 ... 0 0 0],Person1
[0 0 0 ... 0 0 0],Person1
[0 0 0 ... 0 0 0],Person1
[0 0 0 ... 0 0 0],Person1
[0 0 0 ... 0 0 0],Person1
[0 0 0 ... 0 0 0],Person1
[0 0 0 ... 0 0 0],Person1
[0 0 0 ... 0 0 0],Person1
[0 0 0 ... 0 0 0],Person1
[0 0 0 ... 0 0 0],Person1
[0 0 0 ... 0 0 0],Person1
[0 0 0 ... 0 0 0],Person1
[0 0 0 ... 0 0 0],Person1
[0 0 0 ... 0 0 0],Person1
[0 0 0 ... 0 0 0],Person1
[0 0 0 ... 0 0 0],Person1
[0 0 0 ... 0 0 0],Person1
[0 0 0 ... 0 0 0],Person1
[0 0 0 ... 0 0 0],Person1
[0 0 0 ... 0 0 0],Person1
[0 0 0 ... 0 0 0],Person1
[0 0 0 ... 0 0 0],Person1
[0 0 0 ... 0 0 0],Person2
[0 0 0 ... 0 0 0],Person2
[0 0 0 ... 0 0 0],Person2
[0 0 0 ... 0 0 0],Person2
[0 0 0 ... 0 0 0],Person2
[0 0 0 ... 0 0 0],Person2
[0 0 0 ... 0 0 0],Person2
[0 0 0 ... 0 0 0],Person2
[0 0 0 ... 0 0 0],Person2
[0 0 0 ... 0 0 0],Person2
[0 0 0 ... 0 0 0],Person2
[0 0 0 ... 0 0 0],Person2
[0 0 0 ... 0 0 0],Person2
[0 0 0 ... 0 0 0],Person2
[0 0 0 ... 0 0 0],Person2
[0 0 0 ... 0 0 0],Person2
[0 0 0 ... 0 0 0],Person2
[0 0 0 ... 0 0 0],Person2
[0 0 0 ... 0 0 0],Person2
[0 0 0 ... 0 0 0],Person2
[0 0 0 ... 0 0 0],Person2
[0 0 0 ... 0 0 0],Person2
[0 0 0 ... 0 0 0],Person2
[0 0 0 ... 0 0 0],Person2
[0 0 0 ... 0 0 0],Person2
[0 0 0 ... 0 0 0],Person2
[0 0 0 ... 0 0 0],Person2
[0 0 0 ... 0 0 0],Person2
[0 0 0 ... 0 0 0],Person2
[0 0 0 ... 0 0 0],Person2
[0 0 0 ... 0 0 0],Person2
[0 0 0 ... 0 0 0],Person2
[0 0 0 ... 0 0 0],Person2
[0 0 0 ... 0 0 0],Person2
[0 0 0 ... 0 0 0],Person2
[0 0 0 ... 0 0 0],Person2
[0 0 0 ... 0 0 0],Person2
[0 0 0 ... 0 0 0],Person2
[0 0 0 ... 0 0 0],Person2
[0 0 0 ... 0 0 0],Person2
[0 0 0 ... 0 0 0],Person2
[0 0 0 ... 0 0 0],Person2
[0 0 0 ... 0 0 0],Person2
[0 0 0 ... 0 0 0],Person2
[0 0 0 ... 0 0 0],Person2
[0 0 0 ... 0 0 0],Person2
[0 0 0 ... 0 0 0],Person2
[0 0 0 ... 0 0 0],Person2
[0 0 0 ... 0 0 0],Person2
[0 0 0 ... 0 0 0],Person2
[0 0 0 ... 0 0 0],Person2
[0 0 0 ... 0 0 0],Person2
[0 0 0 ... 0 0 0],Person2
[0 0 0 ... 0 0 0],Person2
[0 0 0 ... 0 0 0],Person2
[0 0 0 ... 0 0 0],Person2
[0 0 0 ... 0 0 0],Person2
[0 0 0 ... 0 0 0],Person2
[0 0 0 ... 0 0 0],Person2
[0 0 0 ... 0 0 0],Person2
[0 0 0 ... 0 0 0],Person2
[0 0 0 ... 0 0 0],Person2
[0 0 0 ... 0 0 0],Person2
[0 0 0 ... 0 0 0],Person2
[0 0 0 ... 0 0 0],Person2
[0 0 0 ... 0 0 0],Person2
[0 0 0 ... 0 0 0],Person2
[0 0 0 ... 0 0 0],Person2
[0 0 0 ... 0 0 0],Person2
[0 0 0 ... 0 0 0],Person2
[0 0 0 ... 0 0 0],Person2
[0 0 0 ... 0 0 0],Person2
[0 0 0 ... 0 0 0],Person2
[0 0 0 ... 0 0 0],Person2
[0 0 0 ... 0 0 0],Person2
[0 0 0 ... 0 0 0],Person2
[0 0 0 ... 0 0 0],Person2
[0 0 0 ... 0 0 0],Person2
[0 0 0 ... 0 0 0],Person2
[0 0 0 ... 0 0 0],Person2
[0 0 0 ... 0 0 0],Person2
[0 0 0 ... 0 0 0],Person2
[0 0 0 ... 0 0 0],Person2
[0 0 0 ... 0 0 0],Person2
[0 0 0 ... 0 0 0],Person2
[0 0 0 ... 0 0 0],Person2
[0 0 0 ... 0 0 0],Person2
[0 0 0 ... 0 0 0],Person2
[0 0 0 ... 0 0 0],Person2
[0 0 0 ... 0 0 0],Person2
[0 0 0 ... 0 0 0],Person2
[0 0 0 ... 0 0 0],Person2
[0 0 0 ... 0 0 0],Person2
[0 0 0 ... 0 0 0],Person2
[0 0 0 ... 0 0 0],Person2
[0 0 0 ... 0 0 0],Person2
[0 0 0 ... 0 0 0],Person2
[0 0 0 ... 0 0 0],Person2
[0 0 0 ... 0 0 0],Person2
[0 0 0 ... 0 0 0],Person2
[0 0 0 ... 0 0 0],Person2
[0 0 0 ... 0 0 0],Person2
[0 0 0 ... 0 0 0],Person2
[0 0 0 ... 0 0 0],Person2
[0 0 0 ... 0 0 0],Person2
[0 0 0 ... 0 0 0],Person2
[0 0 0 ... 0 0 0],Person2
[0 0 0 ... 0 0 0],Person2
[0 0 0 ... 0 0 0],Person2
[0 0 0 ... 0 0 0],Person2
[0 0 0 ... 0 0 0],Person2
[0 0 0 ... 0 0 0],Person2
[0 0 0 ... 0 0 0],Person2
[0 0 0 ... 0 0 0],Person2
[0 0 0 ... 0 0 0],Person2
[0 0 0 ... 0 0 0],Person2
[0 0 0 ... 0 0 0],Person2
[0 0 0 ... 0 0 0],Person2
[0 0 0 ... 0 0 0],Person2
[0 0 0 ... 0 0 0],Person2
[0 0 0 ... 0 0 0],Person2
[0 0 0 ... 0 0 0],Person2
[0 0 0 ... 0 0 0],Person2
[0 0 0 ... 0 0 0],Person2
[0 0 0 ... 0 0 0],Person2
[0 0 0 ... 0 0 0],Person2
[0 0 0 ... 0 0 0],Person2
[0 0 0 ... 0 0 0],Person2
[0 0 0 ... 0 0 0],Person2
[0 0 0 ... 0 0 0],Person2
[0 0 0 ... 0 0 0],Person2
[0 0 0 ... 0 0 0],Person2
[0 0 0 ... 0 0 0],Person2
[0 0 0 ... 0 0 0],Person2
[0 0 0 ... 0 0 0],Person2
[0 0 0 ... 0 0 0],Person2
[0 0 0 ... 0 0 0],Person2
[0 0 0 ... 0 0 0],Person2
[0 0 0 ... 0 0 0],Person2
[0 0 0 ... 0 0 0],Person2
[0 0 0 ... 0 0 0],Person2
[0 0 0 ... 0 0 0],Person2
[0 0 0 ... 0 0 0],Person2
[0 0 0 ... 0 0 0],Person2
[0 0 0 ... 0 0 0],Person2
[0 0 0 ... 0 0 0],Person2
[0 0 0 ... 0 0 0],Person2
[0 0 0 ... 0 0 0],Person2
[0 0 0 ... 0 0 0],Person2
[0 0 0 ... 0 0 0],Person2
[0 0 0 ... 0 0 0],Person2
[0 0 0 ... 0 0 0],Person2
[0 0 0 ... 0 0 0],Person2
[0 0 0 ... 0 0 0],Person2
[0 0 0 ... 0 0 0],Person2
[0 0 0 ... 0 0 0],Person2
[0 0 0 ... 0 0 0],Person2
[0 0 0 ... 0 0 0],Person2
[0 0 0 ... 0 0 0],Person2
[0 0 0 ... 0 0 0],Person2
[0 0 0 ... 0 0 0],Person2
[0 0 0 ... 0 0 0],Person2
[0 0 0 ... 0 0 0],Person2
[0 0 0 ... 0 0 0],Person2
[0 0 0 ... 0 0 0],Person2
[0 0 0 ... 0 0 0],Person2
[0 0 0 ... 0 0 0],Person2
[0 0 0 ... 0 0 0],Person2
[0 0 0 ... 0 0 0],Person2
[0 0 0 ... 0 0 0],Person2
[0 0 0 ... 0 0 0],Person2
[0 0 0 ... 0 0 0],Person2
[0 0 0 ... 0 0 0],Person2
[0 0 0 ... 0 0 0],Person2
[0 0 0 ... 0 0 0],Person2
[0 0 0 ... 0 0 0],Person2
[0 0 0 ... 0 0 0],Person2
[0 0 0 ... 0 0 0],Person2
[0 0 0 ... 0 0 0],Person2
[0 0 0 ... 0 0 0],Person2
[0 0 0 ... 0 0 0],Person2
[0 0 0 ... 0 0 0],Person2
[0 0 0 ... 0 0 0],Person2
[0 0 0 ... 0 0 0],Person2
[0 0 0 ... 0 0 0],Person2
[0 0 0 ... 0 0 0],Person2
[0 0 0 ... 0 0 0],Person2
[0 0 0 ... 0 0 0],Person2
[0 0 0 ... 0 0 0],Person2
[0 0 0 ... 0 0 0],Person2
[0 0 0 ... 0 0 0],Person2
[0 0 0 ... 0 0 0],Person2
[0 0 0 ... 0 0 0],Person2
[0 0 0 ... 0 0 0],Person2
[0 0 0 ... 0 0 0],Person2
[0 0 0 ... 0 0 0],Person2
[0 0 0 ... 0 0 0],Person2
[0 0 0 ... 0 0 0],Person2
[0 0 0 ... 0 0 0],Person2
[0 0 0 ... 0 0 0],Person2
[0 0 0 ... 0 0 0],Person2
[0 0 0 ... 0 0 0],Person2
[0 0 0 ... 0 0 0],Person2
[0 0 0 ... 0 0 0],Person2
[0 0 0 ... 0 0 0],Person2
[0 0 0 ... 0 0 0],Person2
[0 0 0 ... 0 0 0],Person2
[0 0 0 ... 0 0 0],Person2
[0 0 0 ... 0 0 0],Person2
[0 0 0 ... 0 0 0],Person2
[0 0 0 ... 0 0 0],Person2
[0 0 0 ... 0 0 0],Person2
[0 0 0 ... 0 0 0],Person2
[0 0 0 ... 0 0 0],Person2
[0 0 0 ... 0 0 0],Person2
[0 0 0 ... 0 0 0],Person2
[0 0 0 ... 0 0 0],Person2
[0 0 0 ... 0 0 0],Person2
[0 0 0 ... 0 0 0],Person2
[0 0 0 ... 0 0 0],Person2
[0 0 0 ... 0 0 0],Person2
[0 0 0 ... 0 0 0],Person2
[0 0 0 ... 0 0 0],Person2
[0 0 0 ... 0 0 0],Person2
[0 0 0 ... 0 0 0],Person2
[0 0 0 ... 0 0 0],Person2
[0 0 0 ... 0 0 0],Person2
[0 0 0 ... 0 0 0],Person2
[0 0 0 ... 0 0 0],Person2
[0 0 0 ... 0 0 0],Person2
[0 0 0 ... 0 0 0],Person2
[0 0 0 ... 0 0 0],Person2
